player_id,career_av
1,0.0
2,2.0
3,4.0
4,64.0
5,4.0
6,19.0
7,0.0
8,1.0
9,29.0
10,13.0
11,51.0
12,3.0
13,1.0
14,36.0
15,72.0
16,0.0
17,0.0
18,0.0
19,2.0
20,2.0
21,3.0
22,57.0
23,0.0
24,6.0
25,0.0
26,77.0
27,8.0
28,21.0
29,9.0
30,10.0
31,13.0
32,20.0
33,4.0
34,38.0
35,29.0
36,0.0
37,62.0
38,49.0
39,10.0
40,6.0
41,33.0
42,1.0
43,2.0
44,2.0
45,50.0
46,7.0
47,24.0
48,0.0
49,0.0
50,83.0
51,7.0
52,0.0
53,0.0
54,10.0
55,17.0
56,0.0
57,10.0
58,78.0
59,0.0
60,8.0
61,3.0
62,30.0
63,0.0
64,0.0
65,67.0
66,2.0
67,0.0
68,10.0
69,1.0
70,0.0
71,13.0
72,2.0
73,7.0
74,0.0
75,22.0
76,5.0
77,4.0
78,5.0
79,0.0
80,6.0
81,29.0
82,25.0
83,5.0
84,0.0
85,80.0
86,39.0
87,0.0
88,1.0
89,92.0
90,24.0
91,3.0
92,0.0
93,65.0
94,11.0
95,83.0
96,64.0
97,1.0
98,255.0
99,3.0
100,14.0
101,0.0
102,79.0
103,
104,
105,
106,
107,
108,
109,
110,
111,
112,
113,
114,
115,
116,
117,
118,
119,
120,
121,
122,
123,
124,
125,
126,
127,
128,
129,
130,
131,
132,
133,
134,
135,
136,
137,
138,
139,
140,
141,
142,
143,
144,
145,
146,
147,
148,
149,
150,
151,
152,
153,
154,
155,
156,
157,
158,
159,
160,
161,
162,
163,
164,
165,
166,
167,35.0
168,64.0
169,40.0
170,1.0
171,107.0
172,8.0
173,8.0
174,91.0
175,2.0
176,
177,7.0
178,9.0
179,12.0
180,90.0
181,15.0
182,1.0
183,2.0
184,36.0
185,47.0
186,0.0
187,13.0
188,8.0
189,
190,7.0
191,13.0
192,8.0
193,23.0
194,54.0
195,14.0
196,106.0
197,
198,73.0
199,9.0
200,2.0
201,11.0
202,
203,11.0
204,0.0
205,
206,26.0
207,1.0
208,29.0
209,78.0
210,15.0
211,3.0
212,5.0
213,13.0
214,
215,37.0
216,77.0
217,39.0
218,16.0
219,5.0
220,14.0
221,15.0
222,11.0
223,43.0
224,16.0
225,15.0
226,57.0
227,23.0
228,26.0
229,1.0
230,4.0
231,38.0
232,1.0
233,0.0
234,2.0
235,100.0
236,3.0
237,59.0
238,64.0
239,39.0
240,52.0
241,0.0
242,6.0
243,9.0
244,24.0
245,46.0
246,
247,15.0
248,2.0
249,24.0
250,5.0
251,12.0
252,1.0
253,3.0
254,
255,0.0
256,
257,
258,25.0
259,3.0
260,0.0
261,30.0
262,0.0
263,51.0
264,20.0
265,5.0
266,9.0
267,22.0
268,22.0
269,8.0
270,61.0
271,10.0
272,2.0
273,9.0
274,22.0
275,4.0
276,0.0
277,11.0
278,2.0
279,4.0
280,18.0
281,5.0
282,
283,
284,
285,
286,
287,
288,
289,
290,
291,
292,
293,
294,
295,
296,
297,
298,
299,
300,
301,
302,
303,
304,
305,
306,
307,
308,
309,
310,
311,
312,
313,
314,
315,
316,1.0
317,3.0
318,3.0
319,3.0
320,2.0
321,
322,1.0
323,
324,2.0
325,5.0
326,
327,7.0
328,3.0
329,1.0
330,
331,1.0
332,2.0
333,5.0
334,1.0
335,
336,
337,
338,7.0
339,
340,1.0
341,6.0
342,1.0
343,0.0
344,4.0
345,1.0
346,1.0
347,
348,2.0
349,3.0
350,0.0
351,
352,0.0
353,3.0
354,
355,1.0
356,3.0
357,1.0
358,0.0
359,0.0
360,5.0
361,
362,
363,2.0
364,3.0
365,0.0
366,0.0
367,1.0
368,4.0
369,1.0
370,
371,2.0
372,
373,6.0
374,0.0
375,
376,1.0
377,
378,3.0
379,3.0
380,1.0
381,2.0
382,8.0
383,0.0
384,
385,2.0
386,3.0
387,
388,1.0
389,0.0
390,2.0
391,3.0
392,
393,0.0
394,
395,
396,1.0
397,7.0
398,6.0
399,
400,3.0
401,2.0
402,1.0
403,1.0
404,1.0
405,1.0
406,4.0
407,0.0
408,2.0
409,4.0
410,3.0
411,2.0
412,2.0
413,8.0
414,4.0
415,5.0
416,
417,
418,4.0
419,
420,
421,
422,3.0
423,1.0
424,
425,7.0
426,5.0
427,0.0
428,0.0
429,1.0
430,2.0
431,0.0
432,0.0
433,2.0
434,
435,2.0
436,2.0
437,2.0
438,0.0
439,
440,1.0
441,5.0
442,1.0
443,3.0
444,
445,9.0
446,3.0
447,2.0
448,1.0
449,2.0
450,1.0
451,0.0
452,7.0
453,
454,
455,
456,
457,
458,
459,
460,
461,
462,
463,
464,
465,13.0
466,71.0
467,1.0
468,27.0
469,6.0
470,5.0
471,10.0
472,3.0
473,1.0
474,2.0
475,0.0
476,0.0
477,50.0
478,1.0
479,2.0
480,0.0
481,73.0
482,2.0
483,12.0
484,58.0
485,15.0
486,30.0
487,37.0
488,7.0
489,4.0
490,7.0
491,8.0
492,51.0
493,43.0
494,0.0
495,24.0
496,2.0
497,9.0
498,1.0
499,17.0
500,0.0
501,
502,4.0
503,
504,2.0
505,7.0
506,54.0
507,42.0
508,10.0
509,0.0
510,0.0
511,0.0
512,
513,7.0
514,13.0
515,4.0
516,23.0
517,48.0
518,1.0
519,4.0
520,
521,37.0
522,49.0
523,0.0
524,0.0
525,
526,8.0
527,
528,
529,2.0
530,45.0
531,1.0
532,0.0
533,0.0
534,66.0
535,5.0
536,4.0
537,23.0
538,4.0
539,8.0
540,1.0
541,76.0
542,31.0
543,6.0
544,62.0
545,7.0
546,1.0
547,3.0
548,17.0
549,9.0
550,12.0
551,0.0
552,0.0
553,1.0
554,1.0
555,8.0
556,19.0
557,4.0
558,8.0
559,17.0
560,1.0
561,2.0
562,52.0
563,34.0
564,19.0
565,0.0
566,3.0
567,1.0
568,0.0
569,
570,1.0
571,0.0
572,51.0
573,
574,71.0
575,0.0
576,
577,16.0
578,91.0
579,4.0
580,48.0
581,43.0
582,13.0
583,8.0
584,26.0
585,57.0
586,1.0
587,23.0
588,9.0
589,4.0
590,
591,
592,
593,
594,
595,
596,
597,
598,
599,
600,
601,
602,
603,
604,
605,
606,
607,
608,
609,
610,
611,
612,
613,
614,
615,
616,0.0
617,16.0
618,8.0
619,7.0
620,
621,19.0
622,12.0
623,
624,0.0
625,4.0
626,27.0
627,
628,
629,7.0
630,29.0
631,6.0
632,1.0
633,7.0
634,
635,3.0
636,17.0
637,1.0
638,
639,5.0
640,17.0
641,0.0
642,14.0
643,0.0
644,9.0
645,
646,16.0
647,4.0
648,0.0
649,6.0
650,12.0
651,19.0
652,20.0
653,11.0
654,2.0
655,
656,
657,
658,1.0
659,
660,
661,
662,1.0
663,1.0
664,
665,
666,
667,27.0
668,
669,16.0
670,
671,24.0
672,1.0
673,21.0
674,3.0
675,23.0
676,37.0
677,7.0
678,48.0
679,5.0
680,
681,
682,
683,
684,6.0
685,16.0
686,19.0
687,31.0
688,22.0
689,18.0
690,3.0
691,33.0
692,7.0
693,
694,
695,
696,0.0
697,0.0
698,2.0
699,23.0
700,0.0
701,25.0
702,20.0
703,18.0
704,19.0
705,6.0
706,
707,22.0
708,2.0
709,0.0
710,13.0
711,0.0
712,2.0
713,6.0
714,1.0
715,0.0
716,7.0
717,4.0
718,8.0
719,
720,
721,24.0
722,39.0
723,
724,4.0
725,0.0
726,15.0
727,6.0
728,1.0
729,1.0
730,
731,35.0
732,9.0
733,5.0
734,
735,17.0
736,3.0
737,
738,20.0
739,
740,
741,
742,38.0
743,
744,10.0
745,40.0
746,3.0
747,4.0
748,5.0
749,0.0
750,18.0
751,11.0
752,21.0
753,32.0
754,22.0
755,
756,
757,42.0
758,
759,28.0
760,14.0
761,
762,18.0
763,2.0
764,22.0
765,36.0
766,0.0
767,0.0
768,4.0
769,4.0
770,27.0
771,1.0
772,
773,
774,
775,
776,
777,
778,
779,
780,1.0
781,12.0
782,
783,8.0
784,4.0
785,27.0
786,
787,1.0
788,11.0
789,
790,3.0
791,
792,
793,
794,17.0
795,0.0
796,9.0
797,1.0
798,
799,6.0
800,8.0
801,1.0
802,18.0
803,0.0
804,3.0
805,2.0
806,1.0
807,17.0
808,7.0
809,1.0
810,15.0
811,4.0
812,6.0
813,
814,7.0
815,2.0
816,6.0
817,4.0
818,
819,11.0
820,13.0
821,8.0
822,
823,4.0
824,13.0
825,7.0
826,29.0
827,
828,14.0
829,13.0
830,
831,0.0
832,9.0
833,1.0
834,1.0
835,9.0
836,8.0
837,26.0
838,0.0
839,
840,9.0
841,0.0
842,4.0
843,2.0
844,0.0
845,4.0
846,5.0
847,24.0
848,0.0
849,16.0
850,
851,9.0
852,
853,2.0
854,16.0
855,
856,17.0
857,
858,
859,4.0
860,16.0
861,0.0
862,3.0
863,
864,12.0
865,
866,4.0
867,
868,1.0
869,4.0
870,3.0
871,2.0
872,0.0
873,
874,10.0
875,16.0
876,1.0
877,5.0
878,1.0
879,2.0
880,16.0
881,
882,13.0
883,
884,11.0
885,12.0
886,
887,2.0
888,0.0
889,7.0
890,
891,
892,2.0
893,1.0
894,14.0
895,7.0
896,
897,14.0
898,
899,
900,7.0
901,4.0
902,24.0
903,3.0
904,7.0
905,13.0
906,
907,7.0
908,
909,0.0
910,5.0
911,22.0
912,
913,4.0
914,1.0
915,23.0
916,1.0
917,1.0
918,5.0
919,9.0
920,10.0
921,15.0
922,20.0
923,
924,
925,
926,
927,
928,
929,
930,
931,36.0
932,66.0
933,0.0
934,9.0
935,73.0
936,0.0
937,15.0
938,7.0
939,119.0
940,14.0
941,2.0
942,1.0
943,34.0
944,0.0
945,0.0
946,3.0
947,42.0
948,1.0
949,10.0
950,
951,1.0
952,2.0
953,1.0
954,62.0
955,5.0
956,25.0
957,1.0
958,0.0
959,20.0
960,56.0
961,5.0
962,20.0
963,28.0
964,0.0
965,0.0
966,16.0
967,8.0
968,1.0
969,7.0
970,0.0
971,
972,
973,
974,4.0
975,87.0
976,
977,13.0
978,13.0
979,10.0
980,21.0
981,0.0
982,4.0
983,0.0
984,1.0
985,26.0
986,0.0
987,53.0
988,0.0
989,0.0
990,104.0
991,27.0
992,39.0
993,5.0
994,40.0
995,12.0
996,37.0
997,3.0
998,0.0
999,11.0
1000,22.0
1001,53.0
1002,77.0
1003,0.0
1004,15.0
1005,23.0
1006,2.0
1007,54.0
1008,57.0
1009,0.0
1010,14.0
1011,0.0
1012,3.0
1013,1.0
1014,14.0
1015,0.0
1016,8.0
1017,
1018,3.0
1019,69.0
1020,12.0
1021,29.0
1022,142.0
1023,84.0
1024,61.0
1025,0.0
1026,49.0
1027,
1028,109.0
1029,2.0
1030,25.0
1031,90.0
1032,69.0
1033,10.0
1034,55.0
1035,0.0
1036,1.0
1037,0.0
1038,6.0
1039,13.0
1040,72.0
1041,29.0
1042,0.0
1043,12.0
1044,9.0
1045,0.0
1046,36.0
1047,44.0
1048,
1049,11.0
1050,8.0
1051,54.0
1052,
1053,
1054,
1055,
1056,
1057,
1058,
1059,
1060,
1061,
1062,
1063,
1064,
1065,
1066,
1067,
1068,
1069,
1070,
1071,
1072,
1073,
1074,
1075,
1076,
1077,
1078,
1079,
1080,
1081,
1082,
1083,
1084,
1085,
1086,
1087,
1088,
1089,
1090,
1091,0.0
1092,10.0
1093,1.0
1094,43.0
1095,0.0
1096,0.0
1097,3.0
1098,29.0
1099,3.0
1100,49.0
1101,25.0
1102,23.0
1103,54.0
1104,4.0
1105,50.0
1106,0.0
1107,11.0
1108,62.0
1109,8.0
1110,1.0
1111,0.0
1112,2.0
1113,1.0
1114,2.0
1115,53.0
1116,0.0
1117,2.0
1118,90.0
1119,2.0
1120,34.0
1121,69.0
1122,79.0
1123,0.0
1124,1.0
1125,0.0
1126,171.0
1127,178.0
1128,3.0
1129,0.0
1130,
1131,
1132,
1133,4.0
1134,0.0
1135,1.0
1136,42.0
1137,115.0
1138,9.0
1139,1.0
1140,14.0
1141,34.0
1142,0.0
1143,0.0
1144,33.0
1145,2.0
1146,1.0
1147,2.0
1148,0.0
1149,8.0
1150,1.0
1151,0.0
1152,150.0
1153,0.0
1154,20.0
1155,0.0
1156,46.0
1157,0.0
1158,1.0
1159,1.0
1160,0.0
1161,2.0
1162,
1163,29.0
1164,43.0
1165,10.0
1166,13.0
1167,46.0
1168,0.0
1169,92.0
1170,
1171,33.0
1172,41.0
1173,2.0
1174,0.0
1175,15.0
1176,0.0
1177,44.0
1178,7.0
1179,0.0
1180,3.0
1181,121.0
1182,56.0
1183,1.0
1184,1.0
1185,2.0
1186,6.0
1187,4.0
1188,1.0
1189,63.0
1190,10.0
1191,38.0
1192,15.0
1193,0.0
1194,24.0
1195,8.0
1196,65.0
1197,8.0
1198,0.0
1199,8.0
1200,51.0
1201,8.0
1202,36.0
1203,23.0
1204,40.0
1205,26.0
1206,40.0
1207,5.0
1208,0.0
1209,
1210,
1211,
1212,
1213,
1214,
1215,
1216,
1217,
1218,
1219,
1220,
1221,
1222,
1223,
1224,
1225,
1226,
1227,
1228,
1229,
1230,
1231,
1232,
1233,
1234,
1235,
1236,
1237,
1238,
1239,
1240,
1241,
1242,
1243,
1244,
1245,
1246,
1247,
1248,
1249,
1250,
1251,22.0
1252,2.0
1253,77.0
1254,19.0
1255,29.0
1256,65.0
1257,10.0
1258,11.0
1259,46.0
1260,13.0
1261,29.0
1262,0.0
1263,48.0
1264,24.0
1265,18.0
1266,5.0
1267,63.0
1268,16.0
1269,5.0
1270,2.0
1271,0.0
1272,0.0
1273,7.0
1274,0.0
1275,28.0
1276,50.0
1277,1.0
1278,
1279,0.0
1280,8.0
1281,7.0
1282,8.0
1283,2.0
1284,136.0
1285,4.0
1286,14.0
1287,37.0
1288,179.0
1289,4.0
1290,1.0
1291,0.0
1292,5.0
1293,1.0
1294,60.0
1295,1.0
1296,4.0
1297,21.0
1298,24.0
1299,3.0
1300,2.0
1301,4.0
1302,50.0
1303,14.0
1304,61.0
1305,9.0
1306,72.0
1307,0.0
1308,5.0
1309,67.0
1310,0.0
1311,3.0
1312,53.0
1313,1.0
1314,76.0
1315,62.0
1316,1.0
1317,6.0
1318,37.0
1319,1.0
1320,18.0
1321,34.0
1322,6.0
1323,53.0
1324,0.0
1325,60.0
1326,1.0
1327,103.0
1328,77.0
1329,6.0
1330,4.0
1331,16.0
1332,5.0
1333,24.0
1334,0.0
1335,0.0
1336,27.0
1337,1.0
1338,55.0
1339,2.0
1340,44.0
1341,7.0
1342,6.0
1343,2.0
1344,40.0
1345,4.0
1346,67.0
1347,71.0
1348,51.0
1349,2.0
1350,9.0
1351,0.0
1352,17.0
1353,6.0
1354,41.0
1355,26.0
1356,2.0
1357,3.0
1358,43.0
1359,57.0
1360,14.0
1361,9.0
1362,
1363,
1364,
1365,
1366,
1367,
1368,
1369,
1370,
1371,
1372,
1373,
1374,
1375,
1376,
1377,
1378,
1379,
1380,
1381,
1382,
1383,
1384,
1385,
1386,
1387,
1388,
1389,
1390,
1391,
1392,
1393,1.0
1394,8.0
1395,6.0
1396,1.0
1397,0.0
1398,1.0
1399,0.0
1400,0.0
1401,9.0
1402,27.0
1403,1.0
1404,3.0
1405,
1406,5.0
1407,22.0
1408,12.0
1409,41.0
1410,
1411,3.0
1412,0.0
1413,
1414,60.0
1415,6.0
1416,76.0
1417,41.0
1418,3.0
1419,1.0
1420,20.0
1421,3.0
1422,5.0
1423,1.0
1424,1.0
1425,5.0
1426,0.0
1427,4.0
1428,0.0
1429,4.0
1430,1.0
1431,29.0
1432,4.0
1433,24.0
1434,11.0
1435,26.0
1436,0.0
1437,12.0
1438,8.0
1439,26.0
1440,46.0
1441,
1442,23.0
1443,10.0
1444,1.0
1445,0.0
1446,8.0
1447,9.0
1448,6.0
1449,
1450,30.0
1451,109.0
1452,0.0
1453,70.0
1454,
1455,16.0
1456,7.0
1457,1.0
1458,0.0
1459,4.0
1460,1.0
1461,0.0
1462,5.0
1463,16.0
1464,14.0
1465,22.0
1466,5.0
1467,0.0
1468,19.0
1469,26.0
1470,17.0
1471,49.0
1472,3.0
1473,88.0
1474,0.0
1475,
1476,2.0
1477,1.0
1478,0.0
1479,51.0
1480,7.0
1481,2.0
1482,6.0
1483,0.0
1484,11.0
1485,0.0
1486,9.0
1487,11.0
1488,0.0
1489,0.0
1490,14.0
1491,1.0
1492,12.0
1493,0.0
1494,
1495,12.0
1496,
1497,20.0
1498,0.0
1499,6.0
1500,5.0
1501,74.0
1502,0.0
1503,0.0
1504,41.0
1505,3.0
1506,15.0
1507,44.0
1508,0.0
1509,0.0
1510,
1511,7.0
1512,4.0
1513,0.0
1514,0.0
1515,
1516,83.0
1517,58.0
1518,0.0
1519,30.0
1520,
1521,0.0
1522,53.0
1523,3.0
1524,42.0
1525,13.0
1526,32.0
1527,14.0
1528,0.0
1529,9.0
1530,4.0
1531,1.0
1532,0.0
1533,42.0
1534,3.0
1535,0.0
1536,38.0
1537,4.0
1538,14.0
1539,0.0
1540,1.0
1541,1.0
1542,4.0
1543,0.0
1544,
1545,
1546,
1547,
1548,
1549,
1550,
1551,
1552,
1553,
1554,
1555,
1556,
1557,
1558,
1559,
1560,18.0
1561,62.0
1562,
1563,3.0
1564,
1565,12.0
1566,19.0
1567,71.0
1568,0.0
1569,4.0
1570,92.0
1571,3.0
1572,27.0
1573,7.0
1574,13.0
1575,1.0
1576,21.0
1577,
1578,0.0
1579,30.0
1580,
1581,6.0
1582,29.0
1583,31.0
1584,1.0
1585,10.0
1586,86.0
1587,29.0
1588,45.0
1589,27.0
1590,1.0
1591,0.0
1592,4.0
1593,2.0
1594,0.0
1595,6.0
1596,4.0
1597,0.0
1598,39.0
1599,51.0
1600,3.0
1601,88.0
1602,4.0
1603,0.0
1604,24.0
1605,1.0
1606,4.0
1607,2.0
1608,0.0
1609,1.0
1610,22.0
1611,4.0
1612,0.0
1613,92.0
1614,7.0
1615,21.0
1616,15.0
1617,11.0
1618,24.0
1619,3.0
1620,10.0
1621,1.0
1622,0.0
1623,0.0
1624,46.0
1625,4.0
1626,
1627,4.0
1628,15.0
1629,60.0
1630,10.0
1631,
1632,66.0
1633,3.0
1634,3.0
1635,24.0
1636,5.0
1637,10.0
1638,
1639,61.0
1640,18.0
1641,
1642,2.0
1643,0.0
1644,0.0
1645,15.0
1646,46.0
1647,13.0
1648,2.0
1649,3.0
1650,3.0
1651,23.0
1652,
1653,5.0
1654,32.0
1655,5.0
1656,36.0
1657,26.0
1658,0.0
1659,10.0
1660,1.0
1661,1.0
1662,3.0
1663,18.0
1664,54.0
1665,13.0
1666,33.0
1667,24.0
1668,
1669,2.0
1670,64.0
1671,5.0
1672,7.0
1673,20.0
1674,
1675,1.0
1676,1.0
1677,0.0
1678,4.0
1679,2.0
1680,5.0
1681,7.0
1682,14.0
1683,3.0
1684,14.0
1685,0.0
1686,3.0
1687,2.0
1688,25.0
1689,32.0
1690,2.0
1691,28.0
1692,
1693,11.0
1694,33.0
1695,
1696,
1697,
1698,
1699,
1700,
1701,
1702,
1703,
1704,
1705,
1706,
1707,
1708,9.0
1709,0.0
1710,2.0
1711,4.0
1712,55.0
1713,92.0
1714,9.0
1715,4.0
1716,5.0
1717,7.0
1718,63.0
1719,1.0
1720,20.0
1721,13.0
1722,7.0
1723,
1724,59.0
1725,36.0
1726,
1727,5.0
1728,18.0
1729,13.0
1730,34.0
1731,13.0
1732,2.0
1733,2.0
1734,70.0
1735,45.0
1736,42.0
1737,5.0
1738,1.0
1739,0.0
1740,12.0
1741,83.0
1742,1.0
1743,20.0
1744,0.0
1745,6.0
1746,
1747,60.0
1748,0.0
1749,125.0
1750,0.0
1751,33.0
1752,44.0
1753,1.0
1754,1.0
1755,3.0
1756,0.0
1757,6.0
1758,37.0
1759,44.0
1760,1.0
1761,7.0
1762,0.0
1763,56.0
1764,52.0
1765,1.0
1766,43.0
1767,0.0
1768,16.0
1769,79.0
1770,23.0
1771,14.0
1772,50.0
1773,20.0
1774,1.0
1775,0.0
1776,79.0
1777,8.0
1778,23.0
1779,0.0
1780,38.0
1781,5.0
1782,2.0
1783,38.0
1784,2.0
1785,10.0
1786,0.0
1787,74.0
1788,1.0
1789,39.0
1790,2.0
1791,59.0
1792,42.0
1793,97.0
1794,29.0
1795,0.0
1796,80.0
1797,4.0
1798,29.0
1799,35.0
1800,28.0
1801,20.0
1802,42.0
1803,6.0
1804,78.0
1805,23.0
1806,21.0
1807,
1808,74.0
1809,54.0
1810,
1811,11.0
1812,49.0
1813,7.0
1814,3.0
1815,0.0
1816,1.0
1817,20.0
1818,0.0
1819,75.0
1820,0.0
1821,3.0
1822,23.0
1823,35.0
1824,6.0
1825,14.0
1826,14.0
1827,0.0
1828,
1829,
1830,
1831,
1832,
1833,
1834,
1835,
1836,
1837,
1838,
1839,
1840,
1841,
1842,
1843,
1844,
1845,
1846,
1847,
1848,
1849,
1850,
1851,
1852,
1853,
1854,
1855,
1856,
1857,
1858,
1859,
1860,
1861,
1862,
1863,
1864,
1865,
1866,11.0
1867,3.0
1868,24.0
1869,54.0
1870,0.0
1871,0.0
1872,11.0
1873,0.0
1874,9.0
1875,155.0
1876,32.0
1877,40.0
1878,113.0
1879,1.0
1880,157.0
1881,29.0
1882,12.0
1883,
1884,0.0
1885,11.0
1886,2.0
1887,4.0
1888,139.0
1889,1.0
1890,18.0
1891,
1892,14.0
1893,39.0
1894,0.0
1895,3.0
1896,3.0
1897,1.0
1898,0.0
1899,3.0
1900,
1901,1.0
1902,1.0
1903,1.0
1904,18.0
1905,0.0
1906,50.0
1907,0.0
1908,93.0
1909,22.0
1910,14.0
1911,11.0
1912,5.0
1913,
1914,
1915,3.0
1916,6.0
1917,80.0
1918,5.0
1919,37.0
1920,61.0
1921,13.0
1922,9.0
1923,109.0
1924,1.0
1925,6.0
1926,24.0
1927,0.0
1928,2.0
1929,5.0
1930,2.0
1931,35.0
1932,8.0
1933,52.0
1934,104.0
1935,33.0
1936,0.0
1937,9.0
1938,0.0
1939,119.0
1940,1.0
1941,31.0
1942,46.0
1943,53.0
1944,1.0
1945,3.0
1946,3.0
1947,2.0
1948,27.0
1949,48.0
1950,44.0
1951,1.0
1952,20.0
1953,9.0
1954,1.0
1955,89.0
1956,34.0
1957,82.0
1958,48.0
1959,
1960,1.0
1961,4.0
1962,1.0
1963,0.0
1964,70.0
1965,18.0
1966,32.0
1967,0.0
1968,240.0
1969,1.0
1970,12.0
1971,3.0
1972,38.0
1973,39.0
1974,1.0
1975,84.0
1976,0.0
1977,22.0
1978,8.0
1979,1.0
1980,
1981,
1982,
1983,
1984,
1985,
1986,
1987,
1988,
1989,
1990,
1991,
1992,
1993,
1994,
1995,
1996,
1997,
1998,
1999,
2000,
2001,
2002,
2003,
2004,
2005,
2006,
2007,
2008,
2009,
2010,
2011,
2012,
2013,
2014,
2015,
2016,
2017,
2018,
2019,
2020,
2021,
2022,
2023,
2024,
2025,
2026,
2027,
2028,
2029,24.0
2030,21.0
2031,0.0
2032,23.0
2033,16.0
2034,20.0
2035,16.0
2036,1.0
2037,0.0
2038,17.0
2039,36.0
2040,24.0
2041,12.0
2042,38.0
2043,
2044,45.0
2045,0.0
2046,37.0
2047,3.0
2048,0.0
2049,1.0
2050,12.0
2051,1.0
2052,2.0
2053,83.0
2054,19.0
2055,12.0
2056,
2057,5.0
2058,91.0
2059,9.0
2060,37.0
2061,25.0
2062,12.0
2063,1.0
2064,1.0
2065,1.0
2066,11.0
2067,18.0
2068,18.0
2069,1.0
2070,0.0
2071,25.0
2072,34.0
2073,4.0
2074,
2075,60.0
2076,38.0
2077,0.0
2078,1.0
2079,0.0
2080,32.0
2081,
2082,2.0
2083,18.0
2084,3.0
2085,2.0
2086,42.0
2087,0.0
2088,24.0
2089,29.0
2090,36.0
2091,6.0
2092,9.0
2093,70.0
2094,60.0
2095,29.0
2096,17.0
2097,0.0
2098,10.0
2099,4.0
2100,1.0
2101,1.0
2102,1.0
2103,31.0
2104,50.0
2105,1.0
2106,0.0
2107,0.0
2108,0.0
2109,57.0
2110,43.0
2111,20.0
2112,3.0
2113,8.0
2114,43.0
2115,1.0
2116,0.0
2117,3.0
2118,40.0
2119,36.0
2120,1.0
2121,34.0
2122,49.0
2123,6.0
2124,56.0
2125,0.0
2126,37.0
2127,1.0
2128,0.0
2129,3.0
2130,4.0
2131,21.0
2132,6.0
2133,0.0
2134,60.0
2135,2.0
2136,0.0
2137,10.0
2138,0.0
2139,1.0
2140,1.0
2141,8.0
2142,21.0
2143,9.0
2144,22.0
2145,36.0
2146,1.0
2147,0.0
2148,14.0
2149,3.0
2150,31.0
2151,51.0
2152,13.0
2153,24.0
2154,8.0
2155,33.0
2156,2.0
2157,36.0
2158,1.0
2159,75.0
2160,5.0
2161,53.0
2162,87.0
2163,2.0
2164,8.0
2165,18.0
2166,3.0
2167,46.0
2168,33.0
2169,
2170,
2171,
2172,
2173,
2174,
2175,
2176,
2177,
2178,
2179,
2180,
2181,
2182,
2183,
2184,
2185,
2186,
2187,
2188,
2189,
2190,
2191,
2192,
2193,0.0
2194,9.0
2195,113.0
2196,1.0
2197,0.0
2198,4.0
2199,46.0
2200,14.0
2201,0.0
2202,11.0
2203,16.0
2204,3.0
2205,25.0
2206,13.0
2207,5.0
2208,2.0
2209,8.0
2210,49.0
2211,57.0
2212,0.0
2213,49.0
2214,0.0
2215,14.0
2216,6.0
2217,23.0
2218,8.0
2219,25.0
2220,1.0
2221,12.0
2222,2.0
2223,116.0
2224,4.0
2225,0.0
2226,1.0
2227,8.0
2228,1.0
2229,41.0
2230,142.0
2231,8.0
2232,
2233,0.0
2234,6.0
2235,
2236,5.0
2237,66.0
2238,20.0
2239,0.0
2240,59.0
2241,3.0
2242,28.0
2243,0.0
2244,0.0
2245,0.0
2246,0.0
2247,48.0
2248,36.0
2249,19.0
2250,6.0
2251,0.0
2252,0.0
2253,2.0
2254,0.0
2255,56.0
2256,4.0
2257,30.0
2258,8.0
2259,125.0
2260,2.0
2261,12.0
2262,0.0
2263,33.0
2264,3.0
2265,0.0
2266,25.0
2267,25.0
2268,90.0
2269,6.0
2270,13.0
2271,20.0
2272,0.0
2273,28.0
2274,15.0
2275,8.0
2276,34.0
2277,20.0
2278,0.0
2279,0.0
2280,1.0
2281,53.0
2282,86.0
2283,0.0
2284,
2285,
2286,6.0
2287,34.0
2288,0.0
2289,13.0
2290,28.0
2291,0.0
2292,0.0
2293,61.0
2294,0.0
2295,
2296,5.0
2297,55.0
2298,25.0
2299,27.0
2300,18.0
2301,118.0
2302,24.0
2303,1.0
2304,0.0
2305,19.0
2306,4.0
2307,7.0
2308,
2309,
2310,
2311,
2312,
2313,
2314,
2315,
2316,
2317,
2318,
2319,
2320,
2321,
2322,
2323,
2324,
2325,
2326,
2327,
2328,
2329,
2330,
2331,
2332,
2333,
2334,
2335,
2336,
2337,
2338,
2339,
2340,
2341,
2342,
2343,
2344,
2345,
2346,
2347,
2348,
2349,
2350,
2351,
2352,
2353,
2354,
2355,1.0
2356,8.0
2357,12.0
2358,13.0
2359,29.0
2360,107.0
2361,
2362,0.0
2363,1.0
2364,1.0
2365,6.0
2366,10.0
2367,
2368,56.0
2369,77.0
2370,41.0
2371,112.0
2372,12.0
2373,0.0
2374,0.0
2375,
2376,
2377,22.0
2378,75.0
2379,156.0
2380,3.0
2381,0.0
2382,
2383,8.0
2384,1.0
2385,47.0
2386,5.0
2387,15.0
2388,0.0
2389,45.0
2390,7.0
2391,18.0
2392,
2393,0.0
2394,71.0
2395,0.0
2396,8.0
2397,45.0
2398,7.0
2399,59.0
2400,1.0
2401,4.0
2402,51.0
2403,0.0
2404,129.0
2405,7.0
2406,29.0
2407,40.0
2408,0.0
2409,23.0
2410,13.0
2411,10.0
2412,41.0
2413,92.0
2414,5.0
2415,0.0
2416,3.0
2417,17.0
2418,2.0
2419,0.0
2420,0.0
2421,0.0
2422,38.0
2423,119.0
2424,
2425,0.0
2426,0.0
2427,21.0
2428,8.0
2429,79.0
2430,1.0
2431,0.0
2432,18.0
2433,47.0
2434,0.0
2435,17.0
2436,37.0
2437,0.0
2438,0.0
2439,45.0
2440,0.0
2441,0.0
2442,
2443,30.0
2444,
2445,53.0
2446,10.0
2447,48.0
2448,21.0
2449,55.0
2450,8.0
2451,0.0
2452,3.0
2453,11.0
2454,0.0
2455,44.0
2456,3.0
2457,39.0
2458,31.0
2459,61.0
2460,45.0
2461,2.0
2462,41.0
2463,12.0
2464,21.0
2465,1.0
2466,
2467,
2468,
2469,
2470,
2471,
2472,
2473,
2474,
2475,
2476,
2477,
2478,
2479,
2480,
2481,
2482,
2483,
2484,
2485,
2486,
2487,
2488,
2489,
2490,
2491,
2492,
2493,
2494,
2495,
2496,
2497,
2498,
2499,
2500,
2501,
2502,
2503,
2504,
2505,
2506,
2507,
2508,
2509,
2510,
2511,
2512,
2513,
2514,
2515,
2516,
2517,
2518,
2519,15.0
2520,0.0
2521,20.0
2522,10.0
2523,1.0
2524,2.0
2525,5.0
2526,64.0
2527,3.0
2528,16.0
2529,72.0
2530,0.0
2531,8.0
2532,77.0
2533,4.0
2534,3.0
2535,1.0
2536,8.0
2537,5.0
2538,47.0
2539,8.0
2540,132.0
2541,39.0
2542,
2543,113.0
2544,1.0
2545,0.0
2546,72.0
2547,1.0
2548,1.0
2549,72.0
2550,1.0
2551,3.0
2552,32.0
2553,8.0
2554,83.0
2555,21.0
2556,1.0
2557,1.0
2558,33.0
2559,10.0
2560,1.0
2561,0.0
2562,4.0
2563,
2564,42.0
2565,7.0
2566,54.0
2567,38.0
2568,0.0
2569,11.0
2570,9.0
2571,15.0
2572,1.0
2573,75.0
2574,
2575,3.0
2576,24.0
2577,8.0
2578,1.0
2579,4.0
2580,19.0
2581,45.0
2582,0.0
2583,47.0
2584,3.0
2585,36.0
2586,8.0
2587,23.0
2588,95.0
2589,0.0
2590,46.0
2591,13.0
2592,8.0
2593,13.0
2594,3.0
2595,11.0
2596,14.0
2597,46.0
2598,0.0
2599,36.0
2600,7.0
2601,5.0
2602,9.0
2603,2.0
2604,
2605,9.0
2606,13.0
2607,4.0
2608,82.0
2609,
2610,9.0
2611,5.0
2612,76.0
2613,1.0
2614,18.0
2615,47.0
2616,2.0
2617,1.0
2618,8.0
2619,1.0
2620,6.0
2621,14.0
2622,44.0
2623,13.0
2624,21.0
2625,20.0
2626,20.0
2627,8.0
2628,37.0
2629,55.0
2630,1.0
2631,8.0
2632,0.0
2633,16.0
2634,
2635,
2636,
2637,
2638,
2639,
2640,
2641,
2642,
2643,
2644,
2645,
2646,
2647,
2648,
2649,
2650,
2651,
2652,
2653,
2654,
2655,
2656,
2657,
2658,
2659,
2660,
2661,
2662,
2663,
2664,
2665,1.0
2666,
2667,
2668,0.0
2669,12.0
2670,1.0
2671,24.0
2672,7.0
2673,0.0
2674,1.0
2675,8.0
2676,
2677,
2678,12.0
2679,0.0
2680,2.0
2681,18.0
2682,24.0
2683,1.0
2684,
2685,1.0
2686,
2687,14.0
2688,
2689,6.0
2690,5.0
2691,
2692,10.0
2693,7.0
2694,5.0
2695,0.0
2696,4.0
2697,0.0
2698,
2699,2.0
2700,0.0
2701,4.0
2702,29.0
2703,5.0
2704,1.0
2705,0.0
2706,4.0
2707,
2708,2.0
2709,1.0
2710,2.0
2711,4.0
2712,2.0
2713,
2714,3.0
2715,
2716,
2717,
2718,1.0
2719,0.0
2720,0.0
2721,1.0
2722,2.0
2723,3.0
2724,
2725,3.0
2726,
2727,0.0
2728,
2729,
2730,3.0
2731,
2732,
2733,0.0
2734,
2735,
2736,1.0
2737,
2738,13.0
2739,16.0
2740,8.0
2741,2.0
2742,2.0
2743,4.0
2744,
2745,9.0
2746,10.0
2747,1.0
2748,
2749,0.0
2750,
2751,13.0
2752,
2753,5.0
2754,10.0
2755,1.0
2756,1.0
2757,0.0
2758,25.0
2759,3.0
2760,0.0
2761,
2762,9.0
2763,7.0
2764,
2765,5.0
2766,3.0
2767,14.0
2768,1.0
2769,2.0
2770,2.0
2771,3.0
2772,
2773,0.0
2774,23.0
2775,11.0
2776,6.0
2777,5.0
2778,5.0
2779,
2780,1.0
2781,
2782,1.0
2783,
2784,12.0
2785,7.0
2786,8.0
2787,4.0
2788,0.0
2789,5.0
2790,0.0
2791,4.0
2792,
2793,5.0
2794,0.0
2795,2.0
2796,
2797,
2798,
2799,
2800,
2801,
2802,
2803,
2804,
2805,
2806,
2807,
2808,
2809,
2810,
2811,
2812,
2813,0.0
2814,
2815,1.0
2816,
2817,6.0
2818,
2819,2.0
2820,3.0
2821,
2822,7.0
2823,
2824,7.0
2825,
2826,
2827,2.0
2828,3.0
2829,2.0
2830,1.0
2831,1.0
2832,
2833,
2834,0.0
2835,10.0
2836,1.0
2837,0.0
2838,0.0
2839,
2840,1.0
2841,
2842,1.0
2843,
2844,2.0
2845,
2846,0.0
2847,1.0
2848,0.0
2849,
2850,
2851,
2852,
2853,8.0
2854,0.0
2855,1.0
2856,
2857,
2858,10.0
2859,
2860,
2861,
2862,1.0
2863,5.0
2864,
2865,
2866,0.0
2867,
2868,
2869,2.0
2870,1.0
2871,
2872,0.0
2873,0.0
2874,3.0
2875,0.0
2876,9.0
2877,
2878,
2879,1.0
2880,1.0
2881,4.0
2882,
2883,
2884,
2885,
2886,
2887,
2888,
2889,
2890,5.0
2891,4.0
2892,16.0
2893,
2894,3.0
2895,
2896,
2897,1.0
2898,15.0
2899,3.0
2900,
2901,0.0
2902,2.0
2903,2.0
2904,0.0
2905,
2906,1.0
2907,0.0
2908,
2909,
2910,
2911,1.0
2912,4.0
2913,4.0
2914,0.0
2915,
2916,
2917,4.0
2918,8.0
2919,3.0
2920,
2921,5.0
2922,3.0
2923,
2924,
2925,5.0
2926,2.0
2927,
2928,
2929,
2930,
2931,0.0
2932,5.0
2933,0.0
2934,0.0
2935,3.0
2936,1.0
2937,0.0
2938,3.0
2939,1.0
2940,0.0
2941,0.0
2942,3.0
2943,0.0
2944,0.0
2945,2.0
2946,
2947,
2948,
2949,0.0
2950,0.0
2951,
2952,6.0
2953,0.0
2954,4.0
2955,0.0
2956,0.0
2957,0.0
2958,0.0
2959,
2960,
2961,
2962,
2963,
2964,
2965,
2966,
2967,
2968,
2969,
2970,
2971,
2972,
2973,
2974,
2975,
2976,
2977,
2978,
2979,
2980,6.0
2981,35.0
2982,125.0
2983,1.0
2984,18.0
2985,18.0
2986,0.0
2987,26.0
2988,0.0
2989,50.0
2990,0.0
2991,1.0
2992,4.0
2993,0.0
2994,60.0
2995,40.0
2996,85.0
2997,19.0
2998,10.0
2999,140.0
3000,14.0
3001,0.0
3002,50.0
3003,23.0
3004,35.0
3005,30.0
3006,6.0
3007,1.0
3008,86.0
3009,1.0
3010,2.0
3011,38.0
3012,71.0
3013,
3014,115.0
3015,3.0
3016,1.0
3017,1.0
3018,13.0
3019,13.0
3020,1.0
3021,1.0
3022,91.0
3023,6.0
3024,
3025,9.0
3026,99.0
3027,10.0
3028,8.0
3029,15.0
3030,3.0
3031,41.0
3032,6.0
3033,54.0
3034,3.0
3035,22.0
3036,1.0
3037,24.0
3038,1.0
3039,5.0
3040,0.0
3041,0.0
3042,11.0
3043,1.0
3044,0.0
3045,4.0
3046,1.0
3047,21.0
3048,18.0
3049,57.0
3050,41.0
3051,12.0
3052,14.0
3053,68.0
3054,1.0
3055,66.0
3056,2.0
3057,18.0
3058,28.0
3059,54.0
3060,8.0
3061,32.0
3062,0.0
3063,45.0
3064,23.0
3065,0.0
3066,10.0
3067,1.0
3068,4.0
3069,0.0
3070,0.0
3071,6.0
3072,2.0
3073,15.0
3074,48.0
3075,2.0
3076,47.0
3077,19.0
3078,18.0
3079,
3080,
3081,
3082,13.0
3083,20.0
3084,5.0
3085,32.0
3086,53.0
3087,1.0
3088,8.0
3089,0.0
3090,123.0
3091,46.0
3092,10.0
3093,2.0
3094,2.0
3095,75.0
3096,25.0
3097,24.0
3098,73.0
3099,37.0
3100,1.0
3101,
3102,
3103,
3104,
3105,
3106,
3107,
3108,
3109,
3110,
3111,
3112,
3113,
3114,
3115,
3116,
3117,
3118,
3119,
3120,
3121,0.0
3122,0.0
3123,0.0
3124,
3125,0.0
3126,1.0
3127,15.0
3128,69.0
3129,65.0
3130,
3131,31.0
3132,9.0
3133,1.0
3134,
3135,22.0
3136,1.0
3137,17.0
3138,2.0
3139,5.0
3140,101.0
3141,1.0
3142,10.0
3143,48.0
3144,45.0
3145,0.0
3146,
3147,9.0
3148,38.0
3149,
3150,3.0
3151,4.0
3152,20.0
3153,0.0
3154,2.0
3155,24.0
3156,4.0
3157,3.0
3158,2.0
3159,0.0
3160,3.0
3161,50.0
3162,8.0
3163,8.0
3164,6.0
3165,44.0
3166,1.0
3167,0.0
3168,2.0
3169,20.0
3170,2.0
3171,35.0
3172,38.0
3173,0.0
3174,15.0
3175,0.0
3176,
3177,2.0
3178,94.0
3179,13.0
3180,0.0
3181,59.0
3182,45.0
3183,67.0
3184,0.0
3185,0.0
3186,20.0
3187,0.0
3188,0.0
3189,1.0
3190,
3191,
3192,0.0
3193,3.0
3194,35.0
3195,1.0
3196,
3197,0.0
3198,24.0
3199,
3200,0.0
3201,25.0
3202,48.0
3203,36.0
3204,0.0
3205,1.0
3206,16.0
3207,25.0
3208,7.0
3209,19.0
3210,5.0
3211,
3212,41.0
3213,57.0
3214,
3215,63.0
3216,1.0
3217,0.0
3218,13.0
3219,0.0
3220,
3221,3.0
3222,
3223,1.0
3224,1.0
3225,2.0
3226,60.0
3227,0.0
3228,40.0
3229,19.0
3230,2.0
3231,0.0
3232,7.0
3233,0.0
3234,
3235,
3236,4.0
3237,28.0
3238,7.0
3239,
3240,40.0
3241,18.0
3242,0.0
3243,0.0
3244,
3245,39.0
3246,
3247,5.0
3248,2.0
3249,33.0
3250,4.0
3251,0.0
3252,
3253,
3254,
3255,
3256,
3257,
3258,
3259,
3260,
3261,
3262,
3263,
3264,
3265,
3266,
3267,
3268,
3269,
3270,
3271,
3272,
3273,
3274,
3275,
3276,
3277,
3278,
3279,
3280,
3281,
3282,
3283,
3284,
3285,
3286,3.0
3287,27.0
3288,80.0
3289,10.0
3290,36.0
3291,42.0
3292,6.0
3293,47.0
3294,
3295,
3296,20.0
3297,0.0
3298,45.0
3299,1.0
3300,42.0
3301,59.0
3302,
3303,3.0
3304,12.0
3305,0.0
3306,0.0
3307,9.0
3308,0.0
3309,33.0
3310,49.0
3311,15.0
3312,
3313,9.0
3314,82.0
3315,53.0
3316,
3317,12.0
3318,9.0
3319,0.0
3320,6.0
3321,3.0
3322,1.0
3323,0.0
3324,35.0
3325,5.0
3326,11.0
3327,39.0
3328,82.0
3329,45.0
3330,1.0
3331,4.0
3332,1.0
3333,0.0
3334,0.0
3335,39.0
3336,64.0
3337,1.0
3338,5.0
3339,54.0
3340,1.0
3341,12.0
3342,1.0
3343,4.0
3344,0.0
3345,0.0
3346,3.0
3347,0.0
3348,8.0
3349,35.0
3350,1.0
3351,47.0
3352,1.0
3353,8.0
3354,0.0
3355,33.0
3356,2.0
3357,78.0
3358,15.0
3359,22.0
3360,9.0
3361,71.0
3362,23.0
3363,69.0
3364,52.0
3365,34.0
3366,18.0
3367,17.0
3368,1.0
3369,8.0
3370,0.0
3371,23.0
3372,0.0
3373,
3374,26.0
3375,0.0
3376,20.0
3377,17.0
3378,48.0
3379,10.0
3380,11.0
3381,48.0
3382,12.0
3383,21.0
3384,2.0
3385,42.0
3386,64.0
3387,1.0
3388,3.0
3389,37.0
3390,0.0
3391,9.0
3392,0.0
3393,15.0
3394,0.0
3395,2.0
3396,0.0
3397,3.0
3398,
3399,
3400,
3401,
3402,
3403,
3404,
3405,
3406,
3407,
3408,
3409,
3410,
3411,
3412,
3413,
3414,
3415,
3416,
3417,
3418,
3419,
3420,
3421,
3422,
3423,
3424,
3425,
3426,
3427,
3428,
3429,
3430,
3431,
3432,
3433,
3434,
3435,
3436,
3437,
3438,
3439,
3440,
3441,
3442,
3443,
3444,
3445,
3446,
3447,
3448,56.0
3449,
3450,
3451,28.0
3452,0.0
3453,
3454,5.0
3455,0.0
3456,15.0
3457,4.0
3458,22.0
3459,1.0
3460,0.0
3461,59.0
3462,5.0
3463,0.0
3464,0.0
3465,20.0
3466,20.0
3467,18.0
3468,3.0
3469,
3470,18.0
3471,0.0
3472,
3473,1.0
3474,1.0
3475,2.0
3476,150.0
3477,0.0
3478,40.0
3479,1.0
3480,0.0
3481,24.0
3482,20.0
3483,70.0
3484,3.0
3485,24.0
3486,0.0
3487,31.0
3488,
3489,1.0
3490,14.0
3491,0.0
3492,0.0
3493,57.0
3494,79.0
3495,0.0
3496,23.0
3497,1.0
3498,5.0
3499,
3500,31.0
3501,33.0
3502,45.0
3503,25.0
3504,3.0
3505,62.0
3506,
3507,3.0
3508,24.0
3509,8.0
3510,30.0
3511,4.0
3512,0.0
3513,83.0
3514,0.0
3515,0.0
3516,84.0
3517,0.0
3518,3.0
3519,23.0
3520,3.0
3521,7.0
3522,
3523,29.0
3524,1.0
3525,7.0
3526,3.0
3527,0.0
3528,1.0
3529,1.0
3530,34.0
3531,28.0
3532,4.0
3533,39.0
3534,64.0
3535,1.0
3536,99.0
3537,35.0
3538,8.0
3539,106.0
3540,29.0
3541,2.0
3542,3.0
3543,38.0
3544,36.0
3545,11.0
3546,2.0
3547,5.0
3548,15.0
3549,0.0
3550,10.0
3551,2.0
3552,16.0
3553,0.0
3554,0.0
3555,73.0
3556,14.0
3557,60.0
3558,72.0
3559,0.0
3560,17.0
3561,13.0
3562,3.0
3563,
3564,82.0
3565,0.0
3566,
3567,
3568,0.0
3569,
3570,30.0
3571,41.0
3572,20.0
3573,16.0
3574,0.0
3575,16.0
3576,35.0
3577,23.0
3578,1.0
3579,38.0
3580,53.0
3581,
3582,
3583,
3584,
3585,
3586,
3587,
3588,
3589,
3590,
3591,
3592,
3593,
3594,
3595,
3596,
3597,
3598,
3599,
3600,
3601,
3602,
3603,
3604,
3605,
3606,
3607,
3608,
3609,
3610,
3611,
3612,
3613,
3614,
3615,
3616,
3617,
3618,
3619,
3620,0.0
3621,37.0
3622,0.0
3623,0.0
3624,31.0
3625,20.0
3626,100.0
3627,5.0
3628,0.0
3629,8.0
3630,15.0
3631,1.0
3632,0.0
3633,0.0
3634,17.0
3635,14.0
3636,3.0
3637,6.0
3638,55.0
3639,0.0
3640,20.0
3641,16.0
3642,48.0
3643,33.0
3644,0.0
3645,0.0
3646,0.0
3647,18.0
3648,0.0
3649,45.0
3650,22.0
3651,1.0
3652,12.0
3653,3.0
3654,2.0
3655,0.0
3656,6.0
3657,10.0
3658,0.0
3659,1.0
3660,1.0
3661,1.0
3662,3.0
3663,12.0
3664,45.0
3665,4.0
3666,0.0
3667,2.0
3668,36.0
3669,2.0
3670,0.0
3671,0.0
3672,40.0
3673,0.0
3674,0.0
3675,0.0
3676,3.0
3677,26.0
3678,35.0
3679,7.0
3680,15.0
3681,38.0
3682,64.0
3683,8.0
3684,-4.0
3685,10.0
3686,25.0
3687,17.0
3688,24.0
3689,27.0
3690,44.0
3691,0.0
3692,36.0
3693,
3694,1.0
3695,2.0
3696,46.0
3697,2.0
3698,0.0
3699,0.0
3700,10.0
3701,60.0
3702,4.0
3703,18.0
3704,5.0
3705,2.0
3706,6.0
3707,0.0
3708,1.0
3709,4.0
3710,0.0
3711,0.0
3712,36.0
3713,12.0
3714,4.0
3715,1.0
3716,7.0
3717,38.0
3718,13.0
3719,2.0
3720,0.0
3721,0.0
3722,26.0
3723,30.0
3724,28.0
3725,0.0
3726,7.0
3727,0.0
3728,0.0
3729,0.0
3730,56.0
3731,6.0
3732,0.0
3733,0.0
3734,1.0
3735,43.0
3736,4.0
3737,1.0
3738,11.0
3739,0.0
3740,0.0
3741,0.0
3742,2.0
3743,3.0
3744,2.0
3745,3.0
3746,6.0
3747,10.0
3748,9.0
3749,6.0
3750,26.0
3751,0.0
3752,33.0
3753,5.0
3754,1.0
3755,0.0
3756,0.0
3757,25.0
3758,13.0
3759,12.0
3760,0.0
3761,
3762,
3763,
3764,
3765,
3766,
3767,
3768,
3769,
3770,
3771,
3772,
3773,
3774,
3775,
3776,
3777,9.0
3778,
3779,0.0
3780,0.0
3781,42.0
3782,2.0
3783,22.0
3784,
3785,1.0
3786,0.0
3787,2.0
3788,4.0
3789,1.0
3790,6.0
3791,46.0
3792,1.0
3793,8.0
3794,2.0
3795,5.0
3796,26.0
3797,5.0
3798,
3799,19.0
3800,0.0
3801,
3802,37.0
3803,
3804,57.0
3805,1.0
3806,33.0
3807,0.0
3808,3.0
3809,12.0
3810,
3811,63.0
3812,5.0
3813,39.0
3814,3.0
3815,26.0
3816,32.0
3817,8.0
3818,6.0
3819,19.0
3820,
3821,39.0
3822,
3823,7.0
3824,2.0
3825,1.0
3826,3.0
3827,5.0
3828,18.0
3829,57.0
3830,90.0
3831,10.0
3832,18.0
3833,
3834,30.0
3835,14.0
3836,2.0
3837,24.0
3838,48.0
3839,63.0
3840,36.0
3841,44.0
3842,0.0
3843,27.0
3844,58.0
3845,0.0
3846,3.0
3847,15.0
3848,59.0
3849,22.0
3850,6.0
3851,41.0
3852,1.0
3853,1.0
3854,2.0
3855,20.0
3856,44.0
3857,0.0
3858,
3859,3.0
3860,5.0
3861,1.0
3862,0.0
3863,5.0
3864,
3865,2.0
3866,0.0
3867,1.0
3868,2.0
3869,22.0
3870,26.0
3871,
3872,8.0
3873,4.0
3874,26.0
3875,0.0
3876,29.0
3877,3.0
3878,49.0
3879,60.0
3880,18.0
3881,0.0
3882,19.0
3883,
3884,20.0
3885,37.0
3886,
3887,26.0
3888,13.0
3889,46.0
3890,6.0
3891,26.0
3892,1.0
3893,11.0
3894,6.0
3895,
3896,22.0
3897,5.0
3898,58.0
3899,0.0
3900,57.0
3901,3.0
3902,32.0
3903,1.0
3904,9.0
3905,
3906,
3907,
3908,
3909,
3910,
3911,
3912,
3913,
3914,
3915,
3916,
3917,
3918,
3919,
3920,
3921,
3922,15.0
3923,
3924,35.0
3925,0.0
3926,3.0
3927,4.0
3928,19.0
3929,1.0
3930,0.0
3931,1.0
3932,7.0
3933,19.0
3934,1.0
3935,
3936,0.0
3937,2.0
3938,24.0
3939,1.0
3940,0.0
3941,
3942,
3943,1.0
3944,27.0
3945,0.0
3946,5.0
3947,
3948,0.0
3949,6.0
3950,12.0
3951,1.0
3952,4.0
3953,
3954,4.0
3955,4.0
3956,25.0
3957,14.0
3958,4.0
3959,12.0
3960,12.0
3961,
3962,1.0
3963,2.0
3964,19.0
3965,12.0
3966,15.0
3967,0.0
3968,1.0
3969,0.0
3970,19.0
3971,34.0
3972,1.0
3973,0.0
3974,
3975,21.0
3976,6.0
3977,8.0
3978,6.0
3979,1.0
3980,4.0
3981,10.0
3982,16.0
3983,6.0
3984,6.0
3985,0.0
3986,5.0
3987,9.0
3988,
3989,
3990,2.0
3991,18.0
3992,
3993,9.0
3994,
3995,
3996,6.0
3997,0.0
3998,
3999,31.0
4000,2.0
4001,7.0
4002,4.0
4003,0.0
4004,26.0
4005,
4006,9.0
4007,
4008,16.0
4009,0.0
4010,21.0
4011,5.0
4012,4.0
4013,
4014,0.0
4015,
4016,
4017,3.0
4018,9.0
4019,4.0
4020,24.0
4021,
4022,4.0
4023,0.0
4024,19.0
4025,0.0
4026,25.0
4027,9.0
4028,13.0
4029,19.0
4030,1.0
4031,4.0
4032,15.0
4033,
4034,3.0
4035,0.0
4036,
4037,
4038,3.0
4039,20.0
4040,0.0
4041,13.0
4042,13.0
4043,
4044,
4045,
4046,3.0
4047,
4048,
4049,0.0
4050,
4051,2.0
4052,4.0
4053,
4054,
4055,12.0
4056,0.0
4057,19.0
4058,13.0
4059,11.0
4060,
4061,
4062,
4063,
4064,
4065,
4066,
4067,
4068,
4069,
4070,
4071,
4072,
4073,
4074,
4075,
4076,
4077,
4078,
4079,
4080,4.0
4081,38.0
4082,0.0
4083,40.0
4084,40.0
4085,65.0
4086,40.0
4087,117.0
4088,7.0
4089,3.0
4090,7.0
4091,3.0
4092,68.0
4093,0.0
4094,34.0
4095,20.0
4096,1.0
4097,9.0
4098,19.0
4099,4.0
4100,3.0
4101,9.0
4102,1.0
4103,9.0
4104,33.0
4105,0.0
4106,3.0
4107,1.0
4108,78.0
4109,4.0
4110,43.0
4111,63.0
4112,7.0
4113,96.0
4114,71.0
4115,6.0
4116,0.0
4117,0.0
4118,0.0
4119,1.0
4120,15.0
4121,16.0
4122,3.0
4123,34.0
4124,1.0
4125,46.0
4126,0.0
4127,2.0
4128,4.0
4129,10.0
4130,0.0
4131,0.0
4132,11.0
4133,1.0
4134,
4135,65.0
4136,43.0
4137,25.0
4138,10.0
4139,26.0
4140,8.0
4141,7.0
4142,0.0
4143,2.0
4144,9.0
4145,41.0
4146,9.0
4147,9.0
4148,24.0
4149,10.0
4150,60.0
4151,35.0
4152,35.0
4153,1.0
4154,23.0
4155,24.0
4156,31.0
4157,4.0
4158,7.0
4159,
4160,0.0
4161,0.0
4162,61.0
4163,80.0
4164,6.0
4165,36.0
4166,55.0
4167,2.0
4168,8.0
4169,55.0
4170,14.0
4171,14.0
4172,39.0
4173,10.0
4174,89.0
4175,7.0
4176,3.0
4177,113.0
4178,1.0
4179,3.0
4180,38.0
4181,2.0
4182,2.0
4183,26.0
4184,9.0
4185,14.0
4186,1.0
4187,0.0
4188,0.0
4189,3.0
4190,18.0
4191,3.0
4192,12.0
4193,6.0
4194,16.0
4195,4.0
4196,53.0
4197,0.0
4198,7.0
4199,29.0
4200,2.0
4201,
4202,
4203,
4204,
4205,
4206,
4207,
4208,
4209,
4210,
4211,
4212,
4213,
4214,
4215,
4216,
4217,
4218,
4219,
4220,
4221,
4222,
4223,
4224,
4225,
4226,
4227,
4228,
4229,
4230,
4231,
4232,
4233,
4234,
4235,
4236,
4237,
4238,
4239,12.0
4240,52.0
4241,
4242,1.0
4243,2.0
4244,10.0
4245,33.0
4246,1.0
4247,7.0
4248,
4249,18.0
4250,1.0
4251,76.0
4252,7.0
4253,6.0
4254,1.0
4255,32.0
4256,2.0
4257,29.0
4258,59.0
4259,61.0
4260,1.0
4261,26.0
4262,1.0
4263,0.0
4264,35.0
4265,17.0
4266,3.0
4267,1.0
4268,3.0
4269,1.0
4270,4.0
4271,6.0
4272,35.0
4273,39.0
4274,59.0
4275,2.0
4276,40.0
4277,57.0
4278,60.0
4279,7.0
4280,3.0
4281,52.0
4282,10.0
4283,7.0
4284,2.0
4285,37.0
4286,12.0
4287,1.0
4288,30.0
4289,1.0
4290,15.0
4291,4.0
4292,2.0
4293,0.0
4294,
4295,1.0
4296,8.0
4297,2.0
4298,19.0
4299,34.0
4300,26.0
4301,15.0
4302,6.0
4303,0.0
4304,20.0
4305,31.0
4306,21.0
4307,10.0
4308,9.0
4309,9.0
4310,31.0
4311,27.0
4312,8.0
4313,0.0
4314,
4315,9.0
4316,46.0
4317,30.0
4318,2.0
4319,33.0
4320,0.0
4321,43.0
4322,2.0
4323,7.0
4324,26.0
4325,40.0
4326,0.0
4327,0.0
4328,12.0
4329,
4330,1.0
4331,30.0
4332,102.0
4333,0.0
4334,36.0
4335,2.0
4336,0.0
4337,31.0
4338,17.0
4339,0.0
4340,29.0
4341,0.0
4342,3.0
4343,5.0
4344,7.0
4345,62.0
4346,4.0
4347,0.0
4348,21.0
4349,
4350,
4351,
4352,
4353,
4354,
4355,
4356,
4357,
4358,
4359,
4360,
4361,
4362,
4363,
4364,
4365,
4366,
4367,
4368,
4369,
4370,
4371,
4372,
4373,
4374,
4375,
4376,
4377,
4378,
4379,
4380,
4381,
4382,
4383,
4384,
4385,
4386,
4387,1.0
4388,0.0
4389,5.0
4390,10.0
4391,0.0
4392,0.0
4393,39.0
4394,23.0
4395,
4396,128.0
4397,2.0
4398,88.0
4399,24.0
4400,0.0
4401,1.0
4402,7.0
4403,53.0
4404,0.0
4405,4.0
4406,41.0
4407,2.0
4408,0.0
4409,4.0
4410,35.0
4411,46.0
4412,24.0
4413,30.0
4414,65.0
4415,58.0
4416,1.0
4417,1.0
4418,56.0
4419,1.0
4420,54.0
4421,29.0
4422,31.0
4423,3.0
4424,3.0
4425,0.0
4426,7.0
4427,59.0
4428,1.0
4429,26.0
4430,44.0
4431,5.0
4432,9.0
4433,1.0
4434,42.0
4435,2.0
4436,0.0
4437,28.0
4438,0.0
4439,0.0
4440,37.0
4441,0.0
4442,4.0
4443,63.0
4444,17.0
4445,106.0
4446,3.0
4447,6.0
4448,14.0
4449,1.0
4450,10.0
4451,5.0
4452,30.0
4453,45.0
4454,26.0
4455,27.0
4456,1.0
4457,8.0
4458,13.0
4459,0.0
4460,2.0
4461,12.0
4462,9.0
4463,5.0
4464,6.0
4465,11.0
4466,0.0
4467,18.0
4468,3.0
4469,13.0
4470,0.0
4471,0.0
4472,0.0
4473,3.0
4474,0.0
4475,87.0
4476,0.0
4477,22.0
4478,16.0
4479,
4480,0.0
4481,35.0
4482,16.0
4483,30.0
4484,48.0
4485,87.0
4486,30.0
4487,0.0
4488,
4489,36.0
4490,3.0
4491,58.0
4492,24.0
4493,45.0
4494,6.0
4495,23.0
4496,2.0
4497,26.0
4498,51.0
4499,7.0
4500,19.0
4501,2.0
4502,28.0
4503,68.0
4504,1.0
4505,38.0
4506,39.0
4507,5.0
4508,
4509,
4510,
4511,
4512,
4513,
4514,
4515,
4516,
4517,
4518,
4519,
4520,
4521,
4522,
4523,
4524,
4525,
4526,
4527,
4528,
4529,
4530,
4531,
4532,
4533,
4534,
4535,
4536,
4537,9.0
4538,5.0
4539,
4540,1.0
4541,11.0
4542,3.0
4543,1.0
4544,1.0
4545,9.0
4546,6.0
4547,6.0
4548,3.0
4549,
4550,1.0
4551,5.0
4552,0.0
4553,
4554,
4555,4.0
4556,3.0
4557,4.0
4558,7.0
4559,
4560,3.0
4561,9.0
4562,1.0
4563,1.0
4564,11.0
4565,4.0
4566,10.0
4567,
4568,10.0
4569,8.0
4570,23.0
4571,5.0
4572,0.0
4573,
4574,2.0
4575,1.0
4576,
4577,
4578,
4579,
4580,3.0
4581,12.0
4582,
4583,
4584,2.0
4585,1.0
4586,17.0
4587,
4588,11.0
4589,7.0
4590,2.0
4591,9.0
4592,
4593,9.0
4594,
4595,
4596,2.0
4597,13.0
4598,
4599,
4600,1.0
4601,7.0
4602,
4603,
4604,
4605,12.0
4606,5.0
4607,2.0
4608,8.0
4609,6.0
4610,2.0
4611,1.0
4612,6.0
4613,9.0
4614,
4615,16.0
4616,1.0
4617,11.0
4618,
4619,4.0
4620,12.0
4621,1.0
4622,3.0
4623,14.0
4624,1.0
4625,6.0
4626,8.0
4627,4.0
4628,7.0
4629,8.0
4630,
4631,4.0
4632,8.0
4633,4.0
4634,6.0
4635,
4636,2.0
4637,2.0
4638,12.0
4639,
4640,
4641,3.0
4642,2.0
4643,4.0
4644,0.0
4645,3.0
4646,10.0
4647,
4648,
4649,2.0
4650,3.0
4651,14.0
4652,10.0
4653,
4654,
4655,1.0
4656,12.0
4657,0.0
4658,2.0
4659,2.0
4660,3.0
4661,3.0
4662,11.0
4663,5.0
4664,14.0
4665,
4666,
4667,8.0
4668,2.0
4669,19.0
4670,1.0
4671,
4672,2.0
4673,4.0
4674,8.0
4675,
4676,7.0
4677,2.0
4678,
4679,
4680,
4681,
4682,
4683,
4684,
4685,
4686,
4687,
4688,
4689,
4690,
4691,
4692,
4693,
4694,
4695,
4696,
4697,
4698,
4699,
4700,
4701,
4702,9.0
4703,27.0
4704,
4705,
4706,11.0
4707,3.0
4708,9.0
4709,12.0
4710,2.0
4711,14.0
4712,5.0
4713,0.0
4714,23.0
4715,3.0
4716,3.0
4717,2.0
4718,0.0
4719,9.0
4720,0.0
4721,5.0
4722,14.0
4723,0.0
4724,1.0
4725,
4726,37.0
4727,3.0
4728,5.0
4729,
4730,1.0
4731,2.0
4732,28.0
4733,
4734,11.0
4735,3.0
4736,
4737,3.0
4738,3.0
4739,7.0
4740,2.0
4741,
4742,0.0
4743,
4744,15.0
4745,1.0
4746,1.0
4747,4.0
4748,4.0
4749,1.0
4750,8.0
4751,0.0
4752,4.0
4753,13.0
4754,51.0
4755,0.0
4756,1.0
4757,4.0
4758,
4759,4.0
4760,2.0
4761,3.0
4762,16.0
4763,10.0
4764,7.0
4765,
4766,
4767,48.0
4768,10.0
4769,1.0
4770,
4771,
4772,
4773,12.0
4774,24.0
4775,0.0
4776,22.0
4777,8.0
4778,18.0
4779,13.0
4780,4.0
4781,21.0
4782,18.0
4783,10.0
4784,2.0
4785,23.0
4786,1.0
4787,0.0
4788,
4789,
4790,1.0
4791,3.0
4792,4.0
4793,
4794,
4795,24.0
4796,1.0
4797,
4798,18.0
4799,8.0
4800,2.0
4801,4.0
4802,3.0
4803,
4804,6.0
4805,14.0
4806,17.0
4807,0.0
4808,15.0
4809,2.0
4810,3.0
4811,1.0
4812,19.0
4813,5.0
4814,6.0
4815,13.0
4816,0.0
4817,61.0
4818,3.0
4819,0.0
4820,5.0
4821,8.0
4822,2.0
4823,2.0
4824,10.0
4825,0.0
4826,15.0
4827,29.0
4828,25.0
4829,6.0
4830,
4831,14.0
4832,3.0
4833,4.0
4834,22.0
4835,31.0
4836,
4837,5.0
4838,7.0
4839,23.0
4840,0.0
4841,15.0
4842,6.0
4843,3.0
4844,8.0
4845,
4846,2.0
4847,37.0
4848,1.0
4849,9.0
4850,17.0
4851,11.0
4852,
4853,
4854,7.0
4855,
4856,4.0
4857,8.0
4858,0.0
4859,5.0
4860,29.0
4861,4.0
4862,16.0
4863,2.0
4864,
4865,8.0
4866,31.0
4867,17.0
4868,10.0
4869,10.0
4870,6.0
4871,6.0
4872,24.0
4873,30.0
4874,5.0
4875,2.0
4876,
4877,21.0
4878,
4879,14.0
4880,13.0
4881,
4882,1.0
4883,24.0
4884,
4885,
4886,0.0
4887,7.0
4888,7.0
4889,19.0
4890,1.0
4891,
4892,30.0
4893,
4894,3.0
4895,14.0
4896,35.0
4897,
4898,
4899,23.0
4900,13.0
4901,46.0
4902,34.0
4903,28.0
4904,1.0
4905,8.0
4906,11.0
4907,1.0
4908,
4909,0.0
4910,21.0
4911,41.0
4912,1.0
4913,16.0
4914,4.0
4915,2.0
4916,
4917,25.0
4918,17.0
4919,6.0
4920,4.0
4921,16.0
4922,1.0
4923,2.0
4924,24.0
4925,4.0
4926,8.0
4927,5.0
4928,27.0
4929,2.0
4930,2.0
4931,34.0
4932,1.0
4933,34.0
4934,7.0
4935,0.0
4936,
4937,4.0
4938,
4939,
4940,1.0
4941,18.0
4942,4.0
4943,19.0
4944,11.0
4945,15.0
4946,17.0
4947,3.0
4948,0.0
4949,
4950,12.0
4951,17.0
4952,0.0
4953,20.0
4954,25.0
4955,7.0
4956,2.0
4957,1.0
4958,16.0
4959,6.0
4960,
4961,
4962,11.0
4963,
4964,30.0
4965,
4966,3.0
4967,10.0
4968,3.0
4969,5.0
4970,22.0
4971,0.0
4972,13.0
4973,14.0
4974,12.0
4975,1.0
4976,17.0
4977,0.0
4978,0.0
4979,26.0
4980,0.0
4981,38.0
4982,7.0
4983,
4984,0.0
4985,4.0
4986,3.0
4987,
4988,4.0
4989,14.0
4990,0.0
4991,10.0
4992,4.0
4993,2.0
4994,13.0
4995,
4996,39.0
4997,21.0
4998,27.0
4999,11.0
5000,23.0
5001,0.0
5002,
5003,
5004,
5005,
5006,
5007,
5008,
5009,
5010,
5011,
5012,28.0
5013,0.0
5014,21.0
5015,0.0
5016,
5017,6.0
5018,
5019,31.0
5020,6.0
5021,
5022,13.0
5023,9.0
5024,
5025,12.0
5026,12.0
5027,22.0
5028,36.0
5029,13.0
5030,30.0
5031,
5032,0.0
5033,13.0
5034,6.0
5035,17.0
5036,7.0
5037,12.0
5038,14.0
5039,3.0
5040,
5041,0.0
5042,29.0
5043,11.0
5044,0.0
5045,
5046,0.0
5047,16.0
5048,7.0
5049,
5050,3.0
5051,
5052,2.0
5053,8.0
5054,10.0
5055,22.0
5056,0.0
5057,22.0
5058,7.0
5059,0.0
5060,28.0
5061,
5062,7.0
5063,22.0
5064,0.0
5065,0.0
5066,
5067,2.0
5068,0.0
5069,
5070,35.0
5071,
5072,9.0
5073,
5074,8.0
5075,0.0
5076,
5077,
5078,11.0
5079,0.0
5080,39.0
5081,1.0
5082,
5083,
5084,38.0
5085,
5086,
5087,2.0
5088,38.0
5089,
5090,0.0
5091,4.0
5092,
5093,37.0
5094,
5095,2.0
5096,23.0
5097,0.0
5098,
5099,2.0
5100,10.0
5101,44.0
5102,
5103,0.0
5104,
5105,0.0
5106,2.0
5107,2.0
5108,0.0
5109,1.0
5110,14.0
5111,13.0
5112,10.0
5113,2.0
5114,
5115,
5116,3.0
5117,1.0
5118,0.0
5119,0.0
5120,33.0
5121,39.0
5122,3.0
5123,
5124,2.0
5125,30.0
5126,19.0
5127,13.0
5128,
5129,6.0
5130,8.0
5131,
5132,10.0
5133,0.0
5134,14.0
5135,2.0
5136,
5137,10.0
5138,7.0
5139,
5140,0.0
5141,1.0
5142,
5143,
5144,0.0
5145,1.0
5146,37.0
5147,60.0
5148,0.0
5149,3.0
5150,2.0
5151,0.0
5152,8.0
5153,53.0
5154,7.0
5155,11.0
5156,0.0
5157,24.0
5158,29.0
5159,25.0
5160,
5161,34.0
5162,10.0
5163,
5164,
5165,
5166,
5167,
5168,
5169,
5170,
5171,
5172,
5173,4.0
5174,40.0
5175,16.0
5176,13.0
5177,29.0
5178,13.0
5179,5.0
5180,45.0
5181,27.0
5182,6.0
5183,0.0
5184,32.0
5185,0.0
5186,7.0
5187,1.0
5188,3.0
5189,34.0
5190,8.0
5191,3.0
5192,0.0
5193,13.0
5194,2.0
5195,9.0
5196,45.0
5197,18.0
5198,17.0
5199,19.0
5200,11.0
5201,1.0
5202,1.0
5203,24.0
5204,1.0
5205,0.0
5206,2.0
5207,2.0
5208,0.0
5209,52.0
5210,6.0
5211,21.0
5212,0.0
5213,12.0
5214,34.0
5215,1.0
5216,1.0
5217,40.0
5218,0.0
5219,0.0
5220,2.0
5221,6.0
5222,18.0
5223,6.0
5224,6.0
5225,1.0
5226,29.0
5227,0.0
5228,0.0
5229,4.0
5230,0.0
5231,6.0
5232,82.0
5233,25.0
5234,36.0
5235,0.0
5236,57.0
5237,30.0
5238,8.0
5239,13.0
5240,11.0
5241,5.0
5242,43.0
5243,37.0
5244,3.0
5245,39.0
5246,39.0
5247,30.0
5248,9.0
5249,10.0
5250,1.0
5251,18.0
5252,7.0
5253,45.0
5254,33.0
5255,9.0
5256,0.0
5257,
5258,0.0
5259,3.0
5260,
5261,7.0
5262,33.0
5263,1.0
5264,0.0
5265,0.0
5266,5.0
5267,1.0
5268,8.0
5269,58.0
5270,44.0
5271,34.0
5272,16.0
5273,29.0
5274,28.0
5275,10.0
5276,62.0
5277,20.0
5278,6.0
5279,22.0
5280,8.0
5281,0.0
5282,5.0
5283,2.0
5284,14.0
5285,46.0
5286,36.0
5287,6.0
5288,43.0
5289,21.0
5290,36.0
5291,9.0
5292,5.0
5293,10.0
5294,17.0
5295,0.0
5296,3.0
5297,34.0
5298,15.0
5299,10.0
5300,6.0
5301,0.0
5302,2.0
5303,
5304,
5305,
5306,
5307,
5308,
5309,
5310,
5311,
5312,
5313,
5314,
5315,
5316,
5317,
5318,
5319,
5320,
5321,
5322,
5323,
5324,
5325,
5326,
5327,
5328,9.0
5329,86.0
5330,3.0
5331,6.0
5332,1.0
5333,0.0
5334,2.0
5335,0.0
5336,17.0
5337,3.0
5338,20.0
5339,106.0
5340,1.0
5341,
5342,8.0
5343,10.0
5344,1.0
5345,0.0
5346,10.0
5347,89.0
5348,2.0
5349,23.0
5350,6.0
5351,24.0
5352,4.0
5353,15.0
5354,2.0
5355,0.0
5356,6.0
5357,1.0
5358,0.0
5359,10.0
5360,0.0
5361,17.0
5362,3.0
5363,36.0
5364,1.0
5365,35.0
5366,2.0
5367,3.0
5368,
5369,108.0
5370,4.0
5371,0.0
5372,2.0
5373,
5374,67.0
5375,41.0
5376,14.0
5377,
5378,0.0
5379,33.0
5380,29.0
5381,13.0
5382,0.0
5383,87.0
5384,12.0
5385,13.0
5386,2.0
5387,0.0
5388,0.0
5389,54.0
5390,34.0
5391,93.0
5392,4.0
5393,17.0
5394,0.0
5395,1.0
5396,10.0
5397,9.0
5398,9.0
5399,17.0
5400,1.0
5401,11.0
5402,38.0
5403,9.0
5404,0.0
5405,65.0
5406,16.0
5407,57.0
5408,2.0
5409,57.0
5410,2.0
5411,18.0
5412,0.0
5413,0.0
5414,2.0
5415,4.0
5416,0.0
5417,2.0
5418,3.0
5419,0.0
5420,
5421,20.0
5422,26.0
5423,1.0
5424,36.0
5425,28.0
5426,47.0
5427,57.0
5428,17.0
5429,4.0
5430,68.0
5431,10.0
5432,4.0
5433,22.0
5434,0.0
5435,1.0
5436,3.0
5437,5.0
5438,
5439,
5440,
5441,
5442,
5443,
5444,
5445,
5446,
5447,
5448,
5449,
5450,
5451,
5452,
5453,
5454,
5455,
5456,
5457,
5458,
5459,
5460,
5461,
5462,
5463,
5464,
5465,
5466,
5467,
5468,
5469,
5470,
5471,
5472,
5473,
5474,
5475,
5476,
5477,
5478,
5479,
5480,
5481,
5482,
5483,
5484,
5485,
5486,
5487,
5488,
5489,47.0
5490,15.0
5491,2.0
5492,19.0
5493,0.0
5494,27.0
5495,2.0
5496,44.0
5497,10.0
5498,150.0
5499,35.0
5500,4.0
5501,14.0
5502,21.0
5503,77.0
5504,4.0
5505,45.0
5506,22.0
5507,27.0
5508,34.0
5509,50.0
5510,35.0
5511,1.0
5512,2.0
5513,3.0
5514,16.0
5515,45.0
5516,66.0
5517,18.0
5518,11.0
5519,25.0
5520,90.0
5521,54.0
5522,2.0
5523,1.0
5524,72.0
5525,3.0
5526,27.0
5527,5.0
5528,2.0
5529,1.0
5530,36.0
5531,22.0
5532,1.0
5533,32.0
5534,2.0
5535,3.0
5536,69.0
5537,3.0
5538,3.0
5539,39.0
5540,0.0
5541,4.0
5542,67.0
5543,1.0
5544,20.0
5545,2.0
5546,1.0
5547,3.0
5548,5.0
5549,22.0
5550,50.0
5551,69.0
5552,1.0
5553,5.0
5554,66.0
5555,58.0
5556,72.0
5557,1.0
5558,22.0
5559,3.0
5560,76.0
5561,1.0
5562,47.0
5563,50.0
5564,3.0
5565,2.0
5566,15.0
5567,3.0
5568,6.0
5569,0.0
5570,37.0
5571,95.0
5572,24.0
5573,71.0
5574,21.0
5575,0.0
5576,1.0
5577,49.0
5578,25.0
5579,5.0
5580,31.0
5581,18.0
5582,88.0
5583,0.0
5584,15.0
5585,66.0
5586,31.0
5587,14.0
5588,0.0
5589,7.0
5590,18.0
5591,5.0
5592,14.0
5593,35.0
5594,1.0
5595,4.0
5596,3.0
5597,1.0
5598,51.0
5599,6.0
5600,117.0
5601,
5602,
5603,
5604,
5605,
5606,
5607,
5608,
5609,
5610,
5611,
5612,
5613,
5614,
5615,
5616,
5617,
5618,
5619,
5620,
5621,
5622,
5623,
5624,
5625,
5626,
5627,
5628,
5629,
5630,
5631,
5632,
5633,
5634,
5635,
5636,
